player,year,round,z_round,elo
a angelini,1964,r1,-0.8596681231670564,1500
a atwal,2011,r1,2.3691287657957374,1500
a baddeley,2000,r1,0.3617683799390045,1500
a balding,1956,r1,-0.09053943782108574,1500
a bean,1977,r1,-0.11005321438975088,1500
a bell,1948,r1,-1.0952945162619414,1500
a besselink,1951,r1,0.1286245814737282,1500
a blum,1952,r1,-0.10377244820899856,1500
a brosch,1937,r1,1.0273312976659537,1500
a cabrera,2000,r1,-0.40766436843873194,1500
a campbell,1936,r1,0.8267375844214633,1500
a cejka,1996,r1,-0.08444671373346531,1500
a cerda,1961,r1,-0.6843167520796787,1500
a doering jr,1940,r1,0.5010303160737279,1500
a dunbar,2013,r1,2.878107244904974,1500
a eaton iii,2005,r1,1.5203125291442225,1500
a forsbrand,1993,r1,-0.5495525130068396,1500
a garrido,1978,r1,0.6542672862268271,1500
a geiberger,1962,r1,0.36577196276975543,1500
a gibson,1941,r1,0.8706954886570288,1500
a gray,1963,r1,-0.8896345623529525,1500
a hadwin,2017,r1,0.026675536317183102,1500
a hansen,2008,r1,1.8402501470473658,1500
a houghton,1934,r1,0.16922808706552137,1500
a kammer,1948,r1,1.2542888815257764,1500
a kay,1935,r1,1.004141195395363,1500
a kim,2009,r1,0.868712403212823,1500
a krueger,1936,r1,-0.8734459225243676,1500
a lahiri,2015,r1,-0.6196087194201325,1500
a larrazabal,2003,r1,1.4674248934640257,1500
a magee,1989,r1,-0.5857099183076049,1500
a mcnickle,1979,r1,-0.6129881497709635,1500
a mengert,1952,r1,-0.10377244820899856,1500
a miguel,1959,r1,-1.1153967732696923,1500
a miller,1969,r1,1.021223820829166,1500
a murdaca,2015,r1,1.1706649847767596,1500
a noren,2017,r1,-0.32772801761109444,1500
a north,1976,r1,-2.277800650065966,1500
a oberholser,2006,r1,-1.5147171725083812,1500
a palmer,1955,r1,-0.3222831417380104,1500
a pelissier,1952,r1,1.141496930299002,1500
a quiros,2009,r1,1.8163986612631753,1500
a romero,2008,r1,-0.6896732726594352,1500
a santilli,1954,r1,0.5771494645838292,1500
a scott,2002,r1,-0.8649523354802415,1500
a smith,1948,r1,-0.4239849740368792,1500
a sullivan,2016,r1,1.6813812278490154,1500
a szwedko,1941,r1,1.7595304666610792,1500
a thompson,1963,r1,0.5742457208499012,1500
a wall jr,1956,r1,-0.09053943782108574,1500
a watrous,1934,r1,-0.6499896980471196,1500
a zimmerman,1946,r1,0.11358185256533622,1500
abe espinosa,1934,r1,-0.10384450797202562,1500
ad gray,1974,r1,0.39434476016760084,1500
al espinosa,1934,r1,-0.3769171030095726,1500
b allin,1973,r1,0.11594396451771709,1500
b an,2010,r1,1.3658197966464942,1500
b andrade,1987,r1,-0.46697529181206515,1500
b arda,1962,r1,0.9042695746252309,1500
b baird,1977,r1,0.5176577121295729,1500
b barnes,1972,r1,2.832839869009366,1500
b bateman,2008,r1,-1.6383945550494856,1500
b benjamin,2010,r1,-0.041033212774786006,1500
b britton,1990,r1,-1.7563964435619177,1500
b brown,1991,r1,0.46090562212870245,1500
b bryant,1995,r1,0.9598045032813728,1500
b burke,1934,r1,-1.1961348881222136,1500
b byman,1979,r1,-0.6129881497709635,1500
b casper,1991,r1,1.4122148262023468,1500
b casper jr,1957,r1,-0.6018580378336499,1500
b castator,1959,r1,1.328923611477495,1500
b chamblee,1999,r1,-1.477175939181149,1500
b claar,1990,r1,-0.00686092360766578,1500
b clampett,1979,r1,0.09886905641466892,1500
b cole,1967,r1,-0.01971665561094099,1500
b collins,1961,r1,-0.3870882638026468,1500
b coltart,1941,r1,1.463252140659729,1500
b crampton,1957,r1,-1.4580222888364471,1500
b crane,2006,r1,-0.24065599937049012,1500
b crenshaw,1972,r1,-0.7099673120842307,1500
b cruickshank,1934,r1,-0.6499896980471196,1500
b cudd,1954,r1,-0.20250858406450142,1500
b cupit,1959,r1,1.0844915730027762,1500
b curtis,2004,r1,-0.5884965805094907,1500
b dalke,2017,r1,1.0898861981020158,1500
b davis,2004,r1,1.8499768743738942,1500
b de jonge,2014,r1,-0.14476513623889614,1500
b dechambeau,2016,r1,-0.5945568600378628,1500
b devlin,1962,r1,1.1735183805529688,1500
b dickerson,2002,r1,1.3493256433491767,1500
b dickson,1966,r1,0.2006419215110011,1500
b dredge,2007,r1,-0.32807728392587804,1500
b eastwood,1984,r1,-0.5214163403653552,1500
b estes,1994,r1,0.7479398418495539,1500
b faxon,1992,r1,-0.3471892766358798,1500
b fleisher,1969,r1,-1.3332644327491887,1500
b gallacher,1970,r1,0.5208170276650118,1500
b gardner,1986,r1,-0.3493380508754833,1500
b gay,2010,r1,0.24033738910947003,1500
b geiberger,2000,r1,0.10529079714642571,1500
b gilder,1976,r1,-0.736431789119071,1500
b glasson,1986,r1,-0.9521174327782793,1500
b goalby,1960,r1,0.3643077164201902,1500
b grace,2013,r1,1.431274954223015,1500
b h an,2017,r1,0.38107909024546066,1500
b haas,2010,r1,-0.32240381465904205,1500
b hamilton,1946,r1,-0.1912957516889855,1500
b harman,2015,r1,0.6591582121490761,1500
b harris,1956,r1,-0.5753635242178683,1500
b henninger,1995,r1,-0.7649785145556036,1500
b hiskey,1973,r1,-0.44331515845008584,1500
b hogan,1938,r1,0.2701215014470119,1500
b holscher,1954,r1,0.317263448367719,1500
b horschel,2014,r1,0.16050047713442486,1500
b howell,1934,r1,-0.10384450797202562,1500
b huggett,1969,r1,1.3155348525264603,1500
b hughes,1998,r1,-0.11847670716653314,1500
b hunt,1965,r1,-0.5835413852044582,1500
b hurley iii,2017,r1,0.026675536317183102,1500
b jaeckel,1979,r1,0.8107262626003013,1500
b jobe,1999,r1,-0.6729667322167434,1500
b johnston,1957,r1,-0.031081870498451666,1500
b kaiser,1936,r1,-0.38767920625413016,1500
b kay,1957,r1,3.1081870498451383,1500
b kerr,1961,r1,-0.08985977552561497,1500
b koepka,2015,r1,0.14765143952139265,1500
b kratzert,1974,r1,1.6125186727645453,1500
b lane,1994,r1,0.4268545562070684,1500
b langer,1982,r1,-0.08012461488708433,1500
b lietzke,1977,r1,-0.42390867764941276,1500
b lindley,1982,r1,0.6710436496793473,1500
b locke,1947,r1,0.005232029188628383,1500
b loeffler,1988,r1,0.08976447227347883,1500
b lohr,1989,r1,-0.003425204200630285,1500
b lunn,1969,r1,0.13829072573728304,1500
b macdonald,1935,r1,-0.4630970809814231,1500
b macpherson,2012,r1,1.1457585798727576,1500
b martin,2010,r1,0.5217079909937261,1500
b mawhinney,1951,r1,2.115652598723047,1500
b maxwell,1952,r1,0.8301795856720017,1500
b may,2001,r1,-0.5380746558730402,1500
b mayfair,1988,r1,0.916216682515519,1500
b mccallister,1966,r1,0.8464581063745362,1500
b mcelhinney,2006,r1,1.2882174083949791,1500
b mehlhorn,1934,r1,0.44230068210306833,1500
b menne,1975,r1,0.7764444507736346,1500
b meth,2015,r1,0.14765143952139265,1500
b mitchell,1934,r1,2.08073625232835,1500
b montgomery,1987,r1,0.456115401304809,1500
b murphy jr,1966,r1,-0.12226617092076644,1500
b nary,1948,r1,-0.08833020292434804,1500
b neil,2015,r1,1.1706649847767596,1500
b nelson,1935,r1,-1.0499923915321374,1500
b nichols,1963,r1,-0.15769442075152565,1500
b ogden,1954,r1,1.0969214970160497,1500
b ogle,1993,r1,-0.8493084291923892,1500
b quigley,2007,r1,-0.051801676409349164,1500
b rogers,1978,r1,0.34684048908410053,1500
b rosburg,1948,r1,1.5899436526383077,1500
b shaw,1973,r1,-0.44331515845008584,1500
b shearer,1976,r1,-0.11988424474031308,1500
b shields,1951,r1,1.8317914534017157,1500
b singh,2011,r1,1.0679151856915587,1500
b snedeker,2004,r1,-0.5884965805094907,1500
b stanton,1967,r1,0.9503428004473335,1500
b steele,2012,r1,0.8311716865550935,1500
b stuard,2017,r1,0.7354826441737382,1500
b tennyson,1991,r1,1.7293178942268947,1500
b todd,2015,r1,1.682171757404443,1500
b toski,1951,r1,-0.15523656384760304,1500
b trombley,1953,r1,0.9127715353698148,1500
b tway,1981,r1,0.1607255994695882,1500
b van pelt,2005,r1,0.2297487217550023,1500
b verwey,1967,r1,1.2736959524667584,1500
b wadkins,1981,r1,-0.42502991859735734,1500
b walzel,1981,r1,0.1607255994695882,1500
b watson,2008,r1,-0.05719241773273497,1500
b watts,1999,r1,-0.4048969965619416,1500
b weaver,1965,r1,-0.2868254266259204,1500
b weekley,2008,r1,-0.6896732726594352,1500
b wetterich,2007,r1,-1.985730929025051,1500
b white,1946,r1,0.4184594568196579,1500
b wiesberger,2015,r1,0.4034048258352344,1500
b wilkes,1962,r1,-0.44197445501345783,1500
b wininger,1953,r1,1.5010982121958556,1500
b wynn,1977,r1,0.20380224886991102,1500
b yancey,1967,r1,-2.60654187176634,1500
bhogan,1941,r1,-1.203252793352422,1500
c b smith,1962,r1,0.09652315684201768,1500
c bassler,1952,r1,-0.10377244820899856,1500
c beck,1983,r1,-0.5488995033100299,1500
c burroughs,1984,r1,-0.5214163403653552,1500
c byrum,1990,r1,0.5763175830437516,1500
c c wild jr,1961,r1,0.8018256893054807,1500
c campbell,2003,r1,0.20146464214533957,1500
c chin,1936,r1,-0.6305625643892488,1500
c ching-po,1963,r1,-0.15769442075152565,1500
c clark,1935,r1,0.7106935401200057,1500
c coe,1949,r1,0.4050878218579926,1500
c congdon,1947,r1,0.3086897221290056,1500
c conners,2015,r1,1.682171757404443,1500
c coody,1963,r1,0.8182257680503768,1500
c dennis,1995,r1,-0.02578579262547089,1500
c dimarco,2001,r1,-2.045776229689879,1500
c doser,1953,r1,0.030281520130753817,1500
c drury,1986,r1,0.25344133102731276,1500
c egan,1935,r1,0.7106935401200057,1500
c evans jr,1940,r1,2.1938317723228224,1500
c f lewis iii,1961,r1,-0.3870882638026468,1500
c franco,1999,r1,-0.6729667322167434,1500
c greene,1966,r1,1.1693661988063038,1500
c han,2010,r1,1.6471903985307501,1500
c harbert,1939,r1,-0.36300466919626106,1500
c hardin,1989,r1,2.9079983663342426,1500
c harmon,1946,r1,0.11358185256533622,1500
c harper,1942,r1,0.32782979578768506,1500
c harrison,1973,r1,1.5140917719372244,1500
c heafner,1940,r1,-0.3453704120508193,1500
c hebert,1964,r1,0.3684291956430254,1500
c hoffman,2011,r1,0.4173083956394694,1500
c howell iii,2002,r1,-0.03459809341920966,1500
c ingram iii,1980,r1,-0.07284429217625268,1500
c jin,2016,r1,1.3968889668631557,1500
c kirk,2014,r1,0.16050047713442486,1500
c kite,1987,r1,1.379206094421683,1500
c kocsis,1937,r1,0.4329006097082953,1500
c kunkle jr,1956,r1,0.6366966917740882,1500
c lacey,1934,r1,-0.6499896980471196,1500
c lee,2014,r1,1.6868285440010298,1500
c legrange,1965,r1,0.9000384076882306,1500
c lind,1947,r1,0.3086897221290056,1500
c luck,2017,r1,1.0898861981020158,1500
c middlecoff,1946,r1,-1.1059285644519505,1500
c mills,2012,r1,0.2019978999197654,1500
c montgomerie,1992,r1,-0.019726663445220127,1500
c o'connor jr,1977,r1,1.1453686386488966,1500
c ogden,2006,r1,2.0526541122777138,1500
c parry,1990,r1,1.7426745963465862,1500
c patton,1990,r1,-0.8816286835847917,1500
c pavin,1982,r1,0.42065422815720344,1500
c peete,1980,r1,-0.3277993147931316,1500
c perks,2002,r1,1.9028951380565313,1500
c perry,1984,r1,-0.17380544678845172,1500
c pettersson,2006,r1,-0.7502804686256466,1500
c pierce,1984,r1,-0.17380544678845172,1500
c r kocsis,1938,r1,0.6360925679236074,1500
c r somerville,1934,r1,1.5345910622532561,1500
c reavie,2002,r1,-0.03459809341920966,1500
c riley,2003,r1,-0.051727408118397655,1500
c rocca,1994,r1,1.3901104131345245,1500
c rose,1997,r1,-0.752712963716755,1500
c sanudo,1966,r1,1.4922742912380713,1500
c schwartzel,2010,r1,-1.16651562031181,1500
c sheppard,1958,r1,2.4881677014222943,1500
c smith,1963,r1,0.8182257680503768,1500
c stadler,1974,r1,1.6125186727645453,1500
c strange,1975,r1,0.44305587304032285,1500
c tringale,2015,r1,-0.6196087194201325,1500
c villegas,2007,r1,1.0533007536567662,1500
c w harrison,1960,r1,-0.1977670460566772,1500
c walker,1934,r1,3.173026632478538,1500
c watabu,2007,r1,2.987230006272468,1500
c watson,1998,r1,1.0399622073506871,1500
c wittenberg,2004,r1,0.22432790445163758,1500
c wollmann,1996,r1,1.6420194337062846,1500
c wood,1934,r1,-1.4692074831597606,1500
c yates,1934,r1,-0.10384450797202562,1500
cg stevens,1934,r1,1.5345910622532561,1500
cp moore jr,1977,r1,0.5176577121295729,1500
ct wilson,1934,r1,0.9884458721781623,1500
cw hall,1934,r1,0.7153732771406153,1500
d a blair,1962,r1,1.4427671864807066,1500
d a points,2011,r1,-0.2332983944126199,1500
d albert,1954,r1,0.057377432151608794,1500
d allen,1965,r1,-0.8802573437829959,1500
d ballenger,1973,r1,1.5140917719372244,1500
d bard,2016,r1,0.5434121839055763,1500
d barr,1982,r1,-0.5809034579313721,1500
d beman,1959,r1,-0.6265326963202549,1500
d berganio jr,1992,r1,1.2901237893174184,1500
d berger,2016,r1,-0.310064599052003,1500
d bies,1968,r1,1.4264557173320689,1500
d biles,1976,r1,0.8049370718278239,1500
d bisplinghoff,1956,r1,0.39428464857569684,1500
d blair,1963,r1,1.5501659096518037,1500
d cherry,1953,r1,-0.5580451566952869,1500
d chopra,2008,r1,-0.6896732726594352,1500
d chung,2011,r1,-0.2332983944126199,1500
d clarke,1980,r1,3.7514810470769313,1500
d curry,1987,r1,0.7638122990104337,1500
d dougherty,2006,r1,1.7978418776501355,1500
d douglas,1950,r1,0.7746271549714375,1500
d douglass,1969,r1,-0.1560203059600113,1500
d duval,1996,r1,-0.08444671373346531,1500
d edwards,1977,r1,-0.7377641409090746,1500
d eger,1989,r1,2.6168560092807556,1500
d eichelberger,1965,r1,0.30660649053115513,1500
d ellis,1994,r1,1.0690251274920393,1500
d ernst,2014,r1,0.46576609050774587,1500
d evans,1981,r1,1.917992153670425,1500
d fairfield,1956,r1,0.6366966917740882,1500
d feherty,1992,r1,0.30773594974543955,1500
d finsterwald,1951,r1,0.1286245814737282,1500
d fischesser,1978,r1,1.8839744747977332,1500
d foote,1959,r1,1.8177876884269324,1500
d ford,1952,r1,-1.037724482089999,1500
d forsman,1986,r1,0.8562207129301088,1500
d frost,1987,r1,-0.15927839410644046,1500
d gilford,1995,r1,-1.5041712364857365,1500
d goldman,1960,r1,0.6453450976586239,1500
d gossett,2000,r1,-0.1511867856461531,1500
d graham,1971,r1,0.1022506334168116,1500
d green,1990,r1,1.4510853430208774,1500
d halldorson,1981,r1,0.453603358503061,1500
d hammond,1986,r1,-0.6507277418268813,1500
d hart,1994,r1,0.4268545562070684,1500
d hayes,1975,r1,1.1098330285069462,1500
d hill,1968,r1,1.4264557173320689,1500
d howell,2005,r1,-0.8027023241563739,1500
d hutchinson,1960,r1,1.7694946226123587,1500
d ishii,1990,r1,-0.00686092360766578,1500
d iverson,1974,r1,-1.737459586877052,1500
d january,1959,r1,-0.6265326963202549,1500
d johnson,2009,r1,-0.07897385483752936,1500
d kittleson,2009,r1,1.8163986612631753,1500
d knight,1960,r1,0.08327033518175651,1500
d lee,2009,r1,0.5528169838627055,1500
d lingmerth,2016,r1,1.3968889668631557,1500
d lotz,1970,r1,-0.4075959346943548,1500
d love iii,1988,r1,-1.0121718080492415,1500
d love jr,1955,r1,1.2450306633457895,1500
d lynn,2013,r1,-1.462389627140903,1500
d marr,1960,r1,-0.4788044272951109,1500
d massengale,1967,r1,-0.3430698076303659,1500
d mayer,1951,r1,-1.290681145132928,1500
d metz,1934,r1,-0.3769171030095726,1500
d morey,1954,r1,1.61669352944827,1500
d ogilvie jr,1934,r1,0.7153732771406153,1500
d ogrin,1984,r1,-0.17380544678845172,1500
d olson,1968,r1,1.1210854318035024,1500
d paulson,2000,r1,-1.946529865194205,1500
d peoples,1992,r1,0.30773594974543955,1500
d pohl,1982,r1,-0.5809034579313721,1500
d pooley,1981,r1,-1.010785436664303,1500
d pride,1995,r1,1.4525996512347947,1500
d pruitt,1992,r1,0.9626611761267588,1500
d r beman,1961,r1,-0.6843167520796787,1500
d ragan,1958,r1,-0.35158891433141204,1500
d refram,1964,r1,-0.2456194637620155,1500
d rummells,1989,r1,-0.2945675612541176,1500
d sanders,1957,r1,-0.3164699541660508,1500
d shute,1934,r1,-0.9230622930846666,1500
d sikes,1963,r1,-0.6456545151524768,1500
d stockton,1969,r1,-0.7446423693545999,1500
d strawn,1974,r1,1.003431716466073,1500
d summerhays,2017,r1,-0.32772801761109444,1500
d tentis,1984,r1,0.17380544678845172,1500
d tewell,1980,r1,-0.8377093600268894,1500
d thomas,1959,r1,-0.8709647347949736,1500
d tolley,1983,r1,1.2514908675468692,1500
d toms,1998,r1,-0.11847670716653314,1500
d trahan,2008,r1,0.5752884371939653,1500
d waldorf,1993,r1,-0.24979659682128996,1500
d watson,1985,r1,0.6215947981852749,1500
d weaver,1972,r1,-0.414733380326431,1500
d weibring,1987,r1,-1.0823690872233147,1500
d whitt,1958,r1,-0.6355645759067827,1500
d willett,2015,r1,-0.6196087194201325,1500
d wilson,2007,r1,-0.32807728392587804,1500
d womack,2007,r1,2.1584031837228816,1500
da weibring,1980,r1,0.6920207756743841,1500
dj trahan,2001,r1,1.2209105135799387,1500
e ball,1934,r1,-0.6499896980471196,1500
e bertolino,1940,r1,1.6295646202397909,1500
e compton,2015,r1,-0.1081019467924491,1500
e dougherty,1996,r1,0.7787863599864095,1500
e dudley,1935,r1,-0.4630970809814231,1500
e dundley,1934,r1,-0.6499896980471196,1500
e els,1994,r1,-0.21531601507790235,1500
e fiori,1980,r1,-0.8377093600268894,1500
e french,1934,r1,-1.7422800781973076,1500
e furgol,1947,r1,0.9156051080097599,1500
e gonzalez,1987,r1,0.456115401304809,1500
e grillo,2016,r1,-0.8790491210237226,1500
e harrison,1940,r1,-0.6275039880923351,1500
e hopkins jr,1956,r1,0.15187260537730554,1500
e j harrison,1961,r1,-0.3870882638026468,1500
e meeks,1989,r1,2.325713652227268,1500
e meister jr,1955,r1,2.289906533401656,1500
e molinari,2006,r1,1.2882174083949791,1500
e monti,1950,r1,-0.6337858540675398,1500
e oliver,1940,r1,-0.3453704120508193,1500
e orellana,1964,r1,1.5965265144531073,1500
e pearce,1972,r1,1.0614362784625677,1500
e r updegraff,1962,r1,-0.44197445501345783,1500
e rebmann,1988,r1,0.08976447227347883,1500
e romero,2001,r1,0.46705972667151924,1500
e sneed,1974,r1,0.08980128201836471,1500
e stewart jr,1952,r1,0.20754489641800153,1500
e tutwiler,1965,r1,0.9000384076882306,1500
e updegraff,1963,r1,1.306185862451328,1500
e vines,1947,r1,0.3086897221290056,1500
e vossler,1956,r1,0.6366966917740882,1500
e ward jr,1948,r1,1.2542888815257764,1500
eh ward jr,1956,r1,0.15187260537730554,1500
ej harrison,1950,r1,NA,1500
f allem,1992,r1,-1.0021145030171992,1500
f beard,1965,r1,-1.4736892609400716,1500
f boynton,1969,r1,0.7269127891318717,1500
f champ,1953,r1,2.971914904260957,1500
f clark,1934,r1,1.5345910622532561,1500
f conner,1982,r1,2.9245484433786424,1500
f couples,1983,r1,0.05123062030893647,1500
f deluca,1962,r1,0.9042695746252309,1500
f fezler,1975,r1,0.7764444507736346,1500
f francis,1937,r1,0.7301159536871245,1500
f fuhrer iii,1982,r1,2.1733801788122107,1500
f funk,1993,r1,1.2489829841064584,1500
f gomez,2016,r1,0.8279044448914361,1500
f haas jr,1935,r1,0.12379822956929132,1500
f hawkins,1952,r1,-1.037724482089999,1500
f jacobson,2004,r1,-0.31755508552244793,1500
f langham,2001,r1,-0.2867910602369003,1500
f lickliter,1999,r1,-0.6729667322167434,1500
f m taylor jr,1961,r1,-0.3870882638026468,1500
f mcleod,1934,r1,0.9884458721781623,1500
f minoza,1991,r1,1.7293178942268947,1500
f molinari,2010,r1,-0.8851450184275541,1500
f moore,1937,r1,-0.45874542222819203,1500
f mosely,1949,r1,0.4050878218579926,1500
f nobilo,1995,r1,1.9453947991882166,1500
f ouimet,1941,r1,2.0558087926624293,1500
f phillips,1958,r1,0.21636240881932925,1500
f ridley,1976,r1,1.1132108440172028,1500
f s ridley,1977,r1,0.5176577121295729,1500
f serafin,1937,r1,0.1356852657294662,1500
f souchak,1954,r1,3.4358956429610417,1500
f strafaci,1938,r1,-0.09584956502958354,1500
f stranahan,1946,r1,0.11358185256533622,1500
f taylor jr,1957,r1,-0.8872461215012489,1500
f torza,1948,r1,0.2473245681881831,1500
f van donck,1958,r1,-1.2035158990575239,1500
f wadsworth,1987,r1,-0.46697529181206515,1500
f walsh,1934,r1,NA,1500
f zoeller,1979,r1,-0.9689167528637797,1500
g andrews,1958,r1,-0.35158891433141204,1500
g archer,1967,r1,-0.01971665561094099,1500
g bayer,1958,r1,-0.0676132527560414,1500
g boros,1997,r1,0.7019682695336008,1500
g brewer,1991,r1,1.7293178942268947,1500
g brewer jr,1962,r1,-0.44197445501345783,1500
g burns iii,1975,r1,-0.5571098601596122,1500
g chalmers,2001,r1,0.7183433223076591,1500
g coetzee,2013,r1,0.5631755798138396,1500
g cowan,1962,r1,1.981264798336182,1500
g dahlbender jr,1949,r1,-0.5223500860800434,1500
g dawson,1940,r1,0.7831638921152436,1500
g day,1999,r1,0.9354516817120677,1500
g de wit,1962,r1,0.09652315684201768,1500
g delaet,2014,r1,1.6868285440010298,1500
g dickinson jr,1954,r1,-0.9821666327128321,1500
g fazio,1947,r1,0.3086897221290056,1500
g fdez-castano,2013,r1,-1.462389627140903,1500
g fernandez-castano,2012,r1,0.2019978999197654,1500
g francis,1962,r1,1.4427671864807066,1500
g gilbert,1971,r1,-0.7303616672629485,1500
g groh,1975,r1,-0.5571098601596122,1500
g hallberg,1978,r1,-0.5754399023440792,1500
g hamer,1947,r1,0.9156051080097599,1500
g havret,2011,r1,-0.8839051844647092,1500
g henry,1966,r1,0.2006419215110011,1500
g hjertstedt,1998,r1,1.0399622073506871,1500
g hunt,1964,r1,0.6754535253455459,1500
g jacobson,1978,r1,1.2691208805122802,1500
g jacobus,1934,r1,0.7153732771406153,1500
g jones,1970,r1,-0.717066922147477,1500
g kerrigan,1934,r1,2.08073625232835,1500
g knudson,1965,r1,-0.2868254266259204,1500
g koch,1974,r1,0.6988882383168369,1500
g kunes,1934,r1,0.9884458721781623,1500
g littler,1954,r1,0.5771494645838292,1500
g marsh,1974,r1,0.6988882383168369,1500
g marucci jr,1996,r1,1.6420194337062846,1500
g mcdowell,2005,r1,1.0040870061885343,1500
g mcgimpsey,1986,r1,0.8562207129301088,1500
g moreland,1935,r1,1.004141195395363,1500
g morgan,1977,r1,-0.42390867764941276,1500
g norman,1981,r1,-1.5965409547312484,1500
g ogilvy,2006,r1,-1.259904937880803,1500
g player,1957,r1,-0.031081870498451666,1500
g porteous,2014,r1,0.46576609050774587,1500
g puga,2001,r1,0.7183433223076591,1500
g sarazen,1935,r1,-1.9303353573582092,1500
g sargent,1934,r1,0.9884458721781623,1500
g sauers,1987,r1,-0.15927839410644046,1500
g schneiter,1946,r1,-0.8010509601976289,1500
g schoux,1947,r1,-0.9051410496325032,1500
g sherry,1996,r1,1.3542750757996596,1500
g storm,2000,r1,1.9006338766944775,1500
g t dunlap jr,1934,r1,-0.10384450797202562,1500
g twiggs,1989,r1,-0.003425204200630285,1500
g von elm,1951,r1,0.41248572679505946,1500
g waite,1994,r1,-0.21531601507790235,1500
g webb,1950,r1,-0.07042065045194887,1500
g will,1966,r1,1.1693661988063038,1500
g wolstenholme,1992,r1,-0.019726663445220127,1500
g woodland,2011,r1,-1.2092085794907539,1500
g yamamoto,1995,r1,2.6845875211183494,1500
g yang,2015,r1,2.9609386889736515,1500
g zahringer,2003,r1,1.4674248934640257,1500
h baiocchi,1974,r1,0.39434476016760084,1500
h bannerman,1972,r1,0.7662023467047681,1500
h barron,1934,r1,0.9884458721781623,1500
h blancas jr,1963,r1,-0.4016744679520013,1500
h ciuci,1934,r1,-0.6499896980471196,1500
h clark,1987,r1,-0.46697529181206515,1500
h cooper,1934,r1,0.44230068210306833,1500
h cotton,1948,r1,-0.7596397451494104,1500
h d wysong,1960,r1,1.2074198601354913,1500
h de lamaze,1958,r1,2.772143362997665,1500
h de lozier,1974,r1,0.08980128201836471,1500
h english,2014,r1,-0.14476513623889614,1500
h frazar,2012,r1,-0.11258899339789867,1500
h fujita,2011,r1,-0.8839051844647092,1500
h green,1969,r1,0.7269127891318717,1500
h haas,2000,r1,1.131201128316741,1500
h henning,1962,r1,-0.17272564908572008,1500
h irwin,1971,r1,-1.5629739679427086,1500
h johnson,1970,r1,-0.09812494724123258,1500
h keiser,1942,r1,0.028506938764148376,1500
h kuehne,1999,r1,-0.13682726090713973,1500
h lozier,1976,r1,0.4966632996384449,1500
h mahan,2003,r1,-0.8113035589096094,1500
h martell,1959,r1,0.8400595345280575,1500
h matsuyama,2011,r1,-0.2332983944126199,1500
h mcspaden,1934,r1,0.16922808706552137,1500
h meshiai,1994,r1,-1.1785718720053584,1500
h paddock jr,1950,r1,0.49294455316364205,1500
h picard,1934,r1,-1.4692074831597606,1500
h r heeing,1960,r1,0.6453450976586239,1500
h ransom,1941,r1,NA,1500
h robbins,1955,r1,-0.06106417422404376,1500
h sang,1973,r1,0.39557352600161855,1500
h slocum,2008,r1,-1.0059137001227854,1500
h smith,1934,r1,-1.7422800781973076,1500
h spears,1949,r1,0.09594185254531393,1500
h stenson,2006,r1,0.5237807045122445,1500
h sugimoto,1967,r1,0.3036364964084839,1500
h sutton,1980,r1,-0.3277993147931316,1500
h swafford,2017,r1,0.7354826441737382,1500
h tanihara,2007,r1,2.4346787912394108,1500
h todd,1947,r1,0.005232029188628383,1500
h twitty,1980,r1,-0.5827543374100106,1500
h w wettlaufer,1961,r1,1.3962826658595444,1500
h weetman,1957,r1,0.5396942968367465,1500
h wettlaufer,1959,r1,0.10676341910390125,1500
h williams,1951,r1,0.1286245814737282,1500
h williams jr,1950,r1,1.619674960394824,1500
h wysong,1966,r1,0.2006419215110011,1500
hd wysong,1967,r1,0.3036364964084839,1500
i aoki,1974,r1,0.08980128201836471,1500
i baker-finch,1985,r1,0.9494221917487419,1500
i garrido,1998,r1,2.777620579126517,1500
i poulter,2004,r1,-0.04661359053540517,1500
i pyman,1994,r1,2.3533662700619806,1500
i woosnam,1988,r1,1.1917007525961991,1500
j adams,1994,r1,0.4268545562070684,1500
j antonio,1964,r1,1.9035508441556277,1500
j b holmes,2015,r1,0.6591582121490761,1500
j barber,1953,r1,-0.5580451566952869,1500
j belfore,1939,r1,2.4200311279750633,1500
j benepe,1989,r1,2.0345712951737807,1500
j blake,1991,r1,0.46090562212870245,1500
j blixt,2014,r1,-1.36582758973218,1500
j bohmann,1969,r1,1.021223820829166,1500
j bohn,2006,r1,-0.49546823399806833,1500
j boros,1950,r1,-0.3521032522597443,1500
j bulla,1940,r1,-0.3453704120508193,1500
j burke jr,1950,r1,-0.07042065045194887,1500
j byrd,2003,r1,-0.5581115086458721,1500
j campbell,1956,r1,0.39428464857569684,1500
j carr,1967,r1,0.3036364964084839,1500
j clark,1954,r1,-0.20250858406450142,1500
j coceres,2001,r1,0.969626917943799,1500
j colbert,1972,r1,-0.414733380326431,1500
j conrad,1955,r1,-0.06106417422404376,1500
j cook,1979,r1,-0.2570595466781473,1500
j courville jr,1996,r1,1.3542750757996596,1500
j cupit,1962,r1,-0.7112232609411956,1500
j daly,1992,r1,-0.3471892766358798,1500
j dawson,1949,r1,0.7142337911706713,1500
j day,2011,r1,-0.2332983944126199,1500
j de bendern,1949,r1,1.6416716991087072,1500
j demaret,1939,r1,-0.9814570685676665,1500
j don blake,1992,r1,0.30773594974543955,1500
j donaldson,2013,r1,0.2738091216774478,1500
j driscoll,2001,r1,-1.2919254427814597,1500
j dufner,2010,r1,0.5217079909937261,1500
j durant,1999,r1,3.3480793026052846,1500
j edfors,2007,r1,0.5007495386237085,1500
j estrada,1962,r1,-0.17272564908572008,1500
j farquhar,1961,r1,0.5045972010284487,1500
j farrell,1939,r1,1.801578728603658,1500
j ferrier,1940,r1,-0.3453704120508193,1500
j fleck,1956,r1,-0.332951481019477,1500
j fought iii,1977,r1,-0.42390867764941276,1500
j foulis,1934,r1,0.44230068210306833,1500
j frisina,1952,r1,-0.10377244820899856,1500
j furyk,1996,r1,0.49104200207978466,1500
j gabrielsen,1963,r1,0.8182257680503768,1500
j gallagher jr,1991,r1,-1.7588158540431342,1500
"j gallagher, jr",1996,r1,-0.94767978745334025,1500
j garaialde,1964,r1,0.06140486594050496,1500
j gianferante,1942,r1,0.9264755098347585,1500
j golden,1934,r1,-1.4692074831597606,1500
j goldstrand,1971,r1,2.045012668336252,1500
j gonzalez jr,1962,r1,-0.17272564908572008,1500
j goodman,1936,r1,0.3409708681512259,1500
j grace,1975,r1,1.7766101839735695,1500
j grant,1966,r1,-0.7680823557843016,1500
j guerrier,2007,r1,1.882127576206353,1500
j haas,1976,r1,0.8049370718278239,1500
j haeggman,2005,r1,1.0040870061885343,1500
j hager,1981,r1,1.917992153670425,1500
j hahn,2015,r1,-0.1081019467924491,1500
j hallet,1983,r1,-1.4490946887384797,1500
j harris,1994,r1,-0.8574865863628731,1500
j heard,1971,r1,0.3797880669767317,1500
j hebert,1954,r1,0.5771494645838292,1500
j henry,2007,r1,-1.4331797139919935,1500
j herman,2016,r1,0.25891992291971655,1500
j hines,1934,r1,-1.7422800781973076,1500
j hitchcock,1966,r1,-0.12226617092076644,1500
j holmes,2008,r1,-0.3734328451960851,1500
j holtgrieve,1980,r1,-0.07284429217625268,1500
j hopkins,1965,r1,-0.8802573437829959,1500
j huh,2013,r1,-0.8836567108681194,1500
j huot,1935,r1,NA,1500
j huston,1990,r1,-2.339574950213335,1500
j hutchison,1935,r1,1.004141195395363,1500
j inman,1970,r1,0.5208170276650118,1500
j isaacs,1950,r1,0.7746271549714375,1500
j j farrell,1934,r1,0.16922808706552137,1500
j jackson,1953,r1,0.030281520130753817,1500
j jamieson,1972,r1,-1.0052012438420306,1500
j jeong,2011,r1,0.09200500061342477,1500
j kay jr,1986,r1,1.459000094832905,1500
j kaye,2001,r1,0.2157761310353794,1500
j kelly,2002,r1,-0.5881675881265642,1500
j kinder,1934,r1,0.16922808706552137,1500
j kirkwood,1936,r1,0.5838542262863446,1500
j kirkwood jr,1949,r1,-0.8314960553927221,1500
j kribel,1998,r1,-0.40808643579583814,1500
j ledesma jr,1963,r1,-0.15769442075152565,1500
j leonard,1993,r1,0.9492270679209087,1500
j lewis jr,1967,r1,1.9204022565056083,1500
j lister,1971,r1,0.9348629340965717,1500
j luiten,2014,r1,0.16050047713442486,1500
j m olazabal,2011,r1,0.09200500061342477,1500
j macdonald,1947,r1,3.3432666515327774,1500
j magee,1957,r1,-0.031081870498451666,1500
j maggert,1993,r1,-0.8493084291923892,1500
j mahaffey,1974,r1,-0.8238291524293436,1500
j mason,1977,r1,0.5176577121295729,1500
j mccoy,1956,r1,0.39428464857569684,1500
j mcgee,1972,r1,-0.7099673120842307,1500
j mcgonagill,1949,r1,1.950817668421386,1500
j mcgovern,1994,r1,-0.8574865863628731,1500
j mcgowan,1965,r1,0.009890531952617363,1500
j mchale jr,1948,r1,1.2542888815257764,1500
j mclean,1972,r1,-0.11949944856863123,1500
j mcmullin,1959,r1,0.35119545757862,1500
j merrick,2009,r1,-1.3425555322379992,1500
j miller,1967,r1,-0.9897761116692155,1500
j mitchell,1980,r1,-2.112484473111284,1500
j morris,1942,r1,2.7224126519759784,1500
j morse,1995,r1,0.22061178135124004,1500
j mudd,1982,r1,-0.08012461488708433,1500
j munger,1935,r1,1.29758885067072,1500
j newman,2009,r1,-0.07897385483752936,1500
j newton,1976,r1,0.8049370718278239,1500
j nicklaus,1959,r1,-0.13766861937081748,1500
j niebrugge,2014,r1,1.992094157374351,1500
j ogilvie,2005,r1,-0.28647680120068575,1500
j olazabal,1985,r1,2.26073176600261,1500
j overton,2011,r1,0.09200500061342477,1500
j owens,1964,r1,1.9035508441556277,1500
j ozaki,1997,r1,-0.5102660915083623,1500
j paletti,1934,r1,-0.9230622930846666,1500
j palmer,1942,r1,1.225798366858295,1500
j parnevik,1998,r1,-0.11847670716653314,1500
j parnvik,1997,r1,-0.752712963716755,1500
j pate,1975,r1,-0.8904984378929238,1500
j perelli,1934,r1,0.7153732771406153,1500
j peterson,2013,r1,-0.5942902527317275,1500
j pittman,1963,r1,0.33026567364942555,1500
j pott,1961,r1,-1.2787737286337424,1500
j quinney,2001,r1,1.7234777048522185,1500
j rahm,2017,r1,-0.682131571539372,1500
j rassett,1980,r1,-0.3277993147931316,1500
j renner,1980,r1,-0.5827543374100106,1500
j revolta,1934,r1,-0.3769171030095726,1500
j riddell,1937,r1,1.3245466416447826,1500
j rodriguez,1961,r1,0.5045972010284487,1500
j rollins,2003,r1,-0.5581115086458721,1500
j rose,2003,r1,-0.8113035589096094,1500
j rule jr,1964,r1,1.9035508441556277,1500
j ryan,1941,r1,-0.6106961413497217,1500
j s spray,1961,r1,1.3962826658595444,1500
j schlee,1971,r1,0.3797880669767317,1500
j schroeder,1974,r1,0.6988882383168369,1500
j segura,1951,r1,-1.0068199998115968,1500
j selby,1948,r1,2.26125319486337,1500
j senden,2008,r1,1.8402501470473658,1500
j simons,1971,r1,2.322550101896172,1500
j sindelar,1985,r1,-0.36188738250512625,1500
j singh,2007,r1,-1.1569041064754646,1500
j sluman,1988,r1,0.916216682515519,1500
j snead,1972,r1,-0.414733380326431,1500
j spieth,2014,r1,-1.0605619763588592,1500
j spray,1964,r1,-0.2456194637620155,1500
j stuart,1991,r1,2.680627098300539,1500
j sweetser,1934,r1,0.9884458721781623,1500
j taylor,1990,r1,2.617442356323712,1500
j thomas,1994,r1,1.0690251274920393,1500
j thompson,1939,r1,1.801578728603658,1500
j thomson,1935,r1,-0.1696494257060659,1500
j thorpe,1982,r1,2.6741590218564983,1500
j turnesa,1934,r1,-0.3769171030095726,1500
j van de velde,2000,r1,0.10529079714642571,1500
j vegas,2011,r1,-0.2332983944126199,1500
j vickers,1966,r1,1.8151823836698389,1500
j vincent,1934,r1,0.9884458721781623,1500
j vulla,1941,r1,-0.6106961413497217,1500
j w dawson,1934,r1,-0.6499896980471196,1500
j wagner,2008,r1,-0.6896732726594352,1500
j walker,2014,r1,-1.36582758973218,1500
j wang,2017,r1,1.0898861981020158,1500
j ward,1951,r1,0.6963468721163907,1500
j weitzel,1955,r1,0.20015479328992286,1500
j westland,1935,r1,0.7106935401200057,1500
j wiechers,1976,r1,0.1883895274490659,1500
j wright,1970,r1,-0.09812494724123258,1500
j zarhardt,1942,r1,0.6271526528112218,1500
jc snead,1981,r1,-0.7179076776308301,1500
jl lewis,2004,r1,0.49526939943868037,1500
jp hayes,1999,r1,0.399312210402464,1500
k alexander,1961,r1,0.2073687127514169,1500
k aphibarnrat,2016,r1,-0.5945568600378628,1500
k bakst,1998,r1,1.908791393238602,1500
k bradley,2012,r1,-0.7417627800332268,1500
k brown,1988,r1,-1.0121718080492415,1500
k chappell,2012,r1,-0.7417627800332268,1500
k clearwater,1988,r1,1.467184822676879,1500
k duke,2009,r1,-0.39486927418764683,1500
k fergus,1976,r1,0.8049370718278239,1500
k ferrie,2007,r1,-0.32807728392587804,1500
k green,1986,r1,-2.1576761965838713,1500
k kim,2012,r1,0.2019978999197654,1500
k kisner,2016,r1,0.8279044448914361,1500
k knox,1986,r1,-0.04794835992408527,1500
k kraft,2012,r1,0.2019978999197654,1500
k laffoon,1934,r1,-1.1961348881222136,1500
k marsh,2006,r1,1.0334051737674008,1500
k na,2010,r1,0.24033738910947003,1500
k nagle,1960,r1,0.6453450976586239,1500
k ono,1958,r1,-0.0676132527560414,1500
k perry,1992,r1,-0.019726663445220127,1500
k stadler,2014,r1,-1.36582758973218,1500
k stanley,2012,r1,0.5165847932374295,1500
k still,1967,r1,0.3036364964084839,1500
k streelman,2011,r1,0.7426117906655141,1500
k sutherland,2002,r1,1.0725408959954994,1500
k t kim,2011,r1,-0.8839051844647092,1500
k triplett,1996,r1,0.7787863599864095,1500
k venturi,1954,r1,-0.20250858406450142,1500
k zarley,1968,r1,-1.3218768524250286,1500
kj choi,2003,r1,-0.051727408118397655,1500
l clements,1984,r1,0.5214163403653552,1500
l diegel,1934,r1,-0.9230622930846666,1500
l dodson,1937,r1,-1.0531761101858503,1500
l donald,2005,r1,-1.83515337006775,1500
l elder,1975,r1,0.10966729530701116,1500
l gibson,1946,r1,0.7233370610739795,1500
l glover,2006,r1,-0.49546823399806833,1500
l graham,1969,r1,-0.1560203059600113,1500
l hamman,1935,r1,0.12379822956929132,1500
l harris jr,1963,r1,0.5742457208499012,1500
l hebert,1956,r1,0.39428464857569684,1500
l hinkle,1979,r1,1.5225834687859336,1500
l hinson,1970,r1,-1.026537909600599,1500
l james,1995,r1,0.9598045032813728,1500
l janzen,1992,r1,0.6351985629360992,1500
l kennedy,1950,r1,1.3379923585870286,1500
l kim,2011,r1,1.0679151856915587,1500
l liang-huan,1969,r1,1.904156915921049,1500
l list,2005,r1,0.48786148323284634,1500
l little jr,1935,r1,-0.1696494257060659,1500
l lott,1977,r1,0.5176577121295729,1500
l mallory,1938,r1,0.6360925679236074,1500
l mangrum,1940,r1,-2.884572596424461,1500
l mattiace,1988,r1,0.6407326124348389,1500
l miller,1978,r1,-0.2680131052013526,1500
l mize,1984,r1,-0.8690272339422587,1500
l nelson,1979,r1,-0.9689167528637797,1500
l oosthuizen,2009,r1,0.23692156451258808,1500
l platts,1966,r1,1.1693661988063038,1500
l rinker,1983,r1,0.6513607439279029,1500
l roberts,1991,r1,-0.17330051392039372,1500
l ruiz,1962,r1,1.7120159924084442,1500
l silverio,1966,r1,0.2006419215110011,1500
l thompson,1974,r1,-0.2147421961308714,1500
l trevino,1968,r1,-1.0165065668964621,1500
l wadkins,1970,r1,1.1397590025712563,1500
l westwood,1997,r1,0.21707452511681552,1500
l worsham,1947,r1,-1.2085987425728804,1500
l zhang,2004,r1,0.49526939943868037,1500
l ziegler,1970,r1,0.21134604021188963,1500
m a jimenez,2011,r1,-0.5586017894386646,1500
m barber,1968,r1,0.20497457521780335,1500
m bembridge,1970,r1,0.5208170276650118,1500
m bonallack,1966,r1,0.8464581063745362,1500
m bradley,1997,r1,0.7019682695336008,1500
m brannan,1978,r1,1.5765476776550067,1500
m brooks,1989,r1,0.5788595099063443,1500
m c methvin jr,1962,r1,-0.9804720668689333,1500
m calcavecchia,1987,r1,-0.7746721895176899,1500
m campbell,1996,r1,-0.08444671373346531,1500
m carnevale,1993,r1,1.8484948164775576,1500
m combs,1991,r1,2.680627098300539,1500
m dominguez,2015,r1,0.6591582121490761,1500
m donald,1990,r1,-2.9227534568647524,1500
m dutra,1934,r1,-0.6499896980471196,1500
m evans,1955,r1,-0.3222831417380104,1500
m every,2014,r1,0.7710317038810669,1500
m fetchick,1957,r1,-0.8872461215012489,1500
m fitzpatrick,2014,r1,0.46576609050774587,1500
m fleckman,1969,r1,-0.1560203059600113,1500
m furgol,1951,r1,0.41248572679505946,1500
m giles iii,1968,r1,-1.0165065668964621,1500
m goggin,2009,r1,0.5528169838627055,1500
m gonzalez,1960,r1,0.9263824788970576,1500
m gove,1980,r1,0.9469757982912631,1500
m gregson,1968,r1,0.5103448607463698,1500
m hatalsky,1982,r1,-1.0816823009756598,1500
m hayes,1977,r1,-1.0516196041687365,1500
m heinen,1995,r1,-0.02578579262547089,1500
m hensby,2005,r1,-1.577040608589906,1500
m hill,1973,r1,0.9548326489694215,1500
m hoey,2002,r1,0.24218665393446762,1500
m hoffmann,2015,r1,-0.1081019467924491,1500
m hsieh,1983,r1,0.35129568211841966,1500
m hughes,2017,r1,1.4442897520302933,1500
m hulbert,1987,r1,0.14841850359918426,1500
m ilonen,2001,r1,-0.2867910602369003,1500
m j sala,1962,r1,-0.44197445501345783,1500
m james,1980,r1,-0.07284429217625268,1500
m jimenez,1995,r1,-0.5185809405788927,1500
m jones,2014,r1,-0.14476513623889614,1500
m kaymer,2008,r1,0.5752884371939653,1500
m killian,1973,r1,0.9548326489694215,1500
m kuchar,1998,r1,-0.9873058930544483,1500
m laird,2011,r1,0.4173083956394694,1500
m leishman,2010,r1,-0.32240381465904205,1500
m lye,1984,r1,-1.5642490210960656,1500
m manassero,2010,r1,-0.6037744165432981,1500
m marusic,1953,r1,-1.440535171934348,1500
m mccoy,2014,r1,1.076297317254388,1500
m mccullough,1978,r1,2.19140127194046,1500
m mccumber,1979,r1,0.8107262626003013,1500
m mclendon,1969,r1,-0.45033133765730565,1500
m mcnulty,1988,r1,-0.7366877379685614,1500
m morley,1967,r1,-0.3430698076303659,1500
m nicolette,1983,r1,0.05123062030893647,1500
m norman,1956,r1,-0.09053943782108574,1500
m o'grady,1986,r1,2.0617794767357007,1500
m o'meara,1980,r1,1.456885843525021,1500
m ozaki,1972,r1,-0.414733380326431,1500
m peck,1979,r1,1.87851207187875,1500
m pfeil,1974,r1,0.39434476016760084,1500
m pinero,1978,r1,0.9616940833695536,1500
m podolak,1986,r1,2.0617794767357007,1500
m pose,1940,r1,0.7831638921152436,1500
m reasor,1975,r1,0.10966729530701116,1500
m reid,1981,r1,0.453603358503061,1500
m roe,1996,r1,0.20329764417315965,1500
m rudolph,1958,r1,1.3522650551208117,1500
m rurnesa,1935,r1,-0.7565447362567803,1500
m sala,1961,r1,-0.3870882638026468,1500
m souchak,1955,r1,-1.6283779793078437,1500
m springer,1995,r1,0.9598045032813728,1500
m standly,1993,r1,1.548738900292008,1500
m sullivan,1981,r1,-0.7179076776308301,1500
m thompson,1983,r1,0.9514258057373861,1500
m turnesa,1934,r1,-0.3769171030095726,1500
m voges,1992,r1,0.30773594974543955,1500
m ward,1938,r1,1.002063634400203,1500
m weaver,2013,r1,1.431274954223015,1500
m weir,2000,r1,-0.1511867856461531,1500
m west iii,1972,r1,1.3566702102203676,1500
m wiebe,1986,r1,0.25344133102731276,1500
m wilson,2011,r1,1.0679151856915587,1500
m zerman,1991,r1,-0.4904035819449418,1500
msmith,1934,r1,-0.6499896980471196,1500
n begay iii,2000,r1,-0.40766436843873194,1500
n coles,1966,r1,0.2006419215110011,1500
n colsaerts,2013,r1,0.2738091216774478,1500
n crosby,1982,r1,1.9229907572900666,1500
n dougherty,2008,r1,-0.05719241773273497,1500
n faldo,1979,r1,0.09886905641466892,1500
n fasth,2002,r1,0.5189714012881449,1500
n flanagan,2004,r1,0.7662108944257231,1500
n green,2010,r1,-0.32240381465904205,1500
n henke,1991,r1,0.14380255410415438,1500
n lancaster,1995,r1,0.22061178135124004,1500
n o'hern,2005,r1,-0.8027023241563739,1500
n ozaki,1990,r1,0.28472832971804285,1500
n price,1984,r1,1.2166381275191622,1500
n smith,2004,r1,0.7662108944257231,1500
n suzuki,1981,r1,-0.13215215956388457,1500
n von nida,1950,r1,0.2112619513558466,1500
n watney,2008,r1,0.25904800973061515,1500
n weslock,1958,r1,0.5003380703946999,1500
o browne,1998,r1,-0.9873058930544483,1500
o dutra,1935,r1,-1.3434400468074947,1500
o goss,2014,r1,0.46576609050774587,1500
o greiner,1949,r1,0.4050878218579926,1500
o moody,1970,r1,-0.717066922147477,1500
o white,1935,r1,0.41724588484464853,1500
o wilson,2009,r1,0.23692156451258808,1500
p alliss,1966,r1,-0.12226617092076644,1500
p azinger,1987,r1,0.456115401304809,1500
p baker,1994,r1,1.0690251274920393,1500
p blackmar,1986,r1,0.25344133102731276,1500
p brownlee,1961,r1,1.0990541775825124,1500
p butler,1964,r1,-0.8596681231670564,1500
p cantlay,2012,r1,-0.7417627800332268,1500
p casey,2004,r1,-0.04661359053540517,1500
p chaplet,2016,r1,2.5348580108065946,1500
p cooper,1949,r1,0.09594185254531393,1500
p desjardins,1963,r1,0.08628562644894996,1500
p diniz,1976,r1,1.4214846162065817,1500
p fitzsimons,1975,r1,-0.22372128242630052,1500
p fletcher,1955,r1,-0.3222831417380104,1500
p fulke,2001,r1,-0.035507464600760444,1500
p goydos,1996,r1,0.20329764417315965,1500
p hancock,1981,r1,2.2108699127038975,1500
p hanson,2011,r1,-0.2332983944126199,1500
p harney,1959,r1,-0.3821006578455362,1500
p harrington,2000,r1,0.10529079714642571,1500
p jacobsen,1981,r1,-1.010785436664303,1500
p johansson,1997,r1,-0.9951598359251476,1500
p lawrie,2000,r1,0.8747235455241622,1500
p lindsey,1984,r1,0.5214163403653552,1500
p lonard,2003,r1,0.4546566924090768,1500
p marksaeng,2008,r1,2.4727310019740663,1500
p mayo,1988,r1,1.1917007525961991,1500
p mcevoy,1978,r1,-0.5754399023440792,1500
p mcginley,2002,r1,-0.5881675881265642,1500
p mcgowan,1981,r1,-0.42502991859735734,1500
p mickelson,1991,r1,-1.124609717994038,1500
p nakamura,1958,r1,0.5003380703946999,1500
p oosterhuis,1971,r1,-0.7303616672629485,1500
p parkin,1984,r1,-0.17380544678845172,1500
p perez,2003,r1,-0.5581115086458721,1500
p perkins,1934,r1,-0.6499896980471196,1500
p persons,1986,r1,0.25344133102731276,1500
p ploujoux,1982,r1,0.9214330712014912,1500
p price,2004,r1,-1.1303795704835762,1500
p reed,2014,r1,-0.4500307496122171,1500
p rodgers,1958,r1,0.7843137319700705,1500
p runyan,1934,r1,-0.6499896980471196,1500
p senior,1990,r1,-0.5900394302590831,1500
p sjoland,1999,r1,0.399312210402464,1500
p stankowski,1996,r1,0.20329764417315965,1500
p stewart,1983,r1,-0.8489645651195131,1500
p tataurangi,2003,r1,-0.30491945838213486,1500
p thomson,1953,r1,0.6186081969567945,1500
p tiso,1935,r1,0.41724588484464853,1500
p townsend,1969,r1,0.43260175743457735,1500
p uihlein,2011,r1,-0.2332983944126199,1500
p yates iii,1989,r1,1.7434289381202936,1500
r allenby,1997,r1,1.4293088861587786,1500
r barbarossa,1969,r1,0.43260175743457735,1500
r barnes,2003,r1,-1.8240717599645582,1500
r baxter jr,1955,r1,-0.8447210767659437,1500
r beem,2003,r1,-0.5581115086458721,1500
r bendall jr,1972,r1,0.4709684149469683,1500
r bernardini,1969,r1,0.7269127891318717,1500
r billows,1939,r1,-0.053778469510558334,1500
r black,1984,r1,-0.8690272339422587,1500
r cabrera-bello,2016,r1,-0.025572338066143247,1500
r caldwell,1980,r1,-0.3277993147931316,1500
r castro,2014,r1,-0.4500307496122171,1500
r cerrudo,1966,r1,-0.12226617092076644,1500
r chapman,1939,r1,0.8739001295465498,1500
r charles,1958,r1,0.7843137319700705,1500
r cochran,1946,r1,1.6379698738369446,1500
r crawford,1960,r1,-0.1977670460566772,1500
r curl,1975,r1,-0.5571098601596122,1500
r d chapman,1941,r1,0.2781388366543286,1500
r davies,1963,r1,0.5742457208499012,1500
r davis,1988,r1,0.08976447227347883,1500
r de vicenzo,1950,r1,-0.07042065045194887,1500
r fehr,1983,r1,0.35129568211841966,1500
r fisher,2009,r1,-1.0266601128878816,1500
r floyd,1965,r1,-1.1769733023615336,1500
r foster,1966,r1,1.8151823836698389,1500
r fowler,2011,r1,-0.8839051844647092,1500
r funseth,1966,r1,1.1693661988063038,1500
r gafford,1951,r1,0.41248572679505946,1500
r gamez,1990,r1,-0.29845017693337444,1500
r gardner,1961,r1,-0.3870882638026468,1500
r garrigus,2012,r1,1.1457585798727576,1500
r glover,1966,r1,-1.4138985406478366,1500
r goetz,1959,r1,0.35119545757862,1500
r goosen,1998,r1,-0.40808643579583814,1500
r green,2008,r1,0.8915288646573154,1500
r guardiola,1964,r1,1.5965265144531073,1500
r guldahl,1937,r1,-1.6476067981435085,1500
r h sikes,1962,r1,1.1735183805529688,1500
r hamilton,2002,r1,0.7957561486418222,1500
r henley,2013,r1,-0.30492379459533575,1500
r hill,1950,r1,-0.3521032522597443,1500
r horn,1966,r1,-1.090990448216069,1500
r horvath,1955,r1,0.46137376080388953,1500
r howe iii,1989,r1,0.5788595099063443,1500
r hutchison,1946,r1,1.0282146653283013,1500
r imada,2009,r1,0.23692156451258808,1500
r ishikawa,2009,r1,0.23692156451258808,1500
r johnston,1974,r1,-0.5192856742801075,1500
r jones jr,1937,r1,1.3245466416447826,1500
r karl,1975,r1,-0.5571098601596122,1500
r karlsson,2007,r1,0.2244739311071797,1500
r king,1950,r1,1.056309756779233,1500
r knowles jr,1951,r1,0.6963468721163907,1500
r knox,2016,r1,1.3968889668631557,1500
r kuntz,1954,r1,0.8370354807999395,1500
r landrum,1978,r1,1.2691208805122802,1500
r langasque,2016,r1,-0.025572338066143247,1500
r lewis,2012,r1,2.404106153143414,1500
r lewis jr,1981,r1,0.7464811175365338,1500
r maltbie,1976,r1,-0.4281580169296921,1500
r mangrum,1935,r1,-1.9303353573582092,1500
r massengale,1969,r1,0.43260175743457735,1500
r mcbee,1967,r1,-0.01971665561094099,1500
r mcilroy,2009,r1,-0.07897385483752936,1500
r mcmanus,1959,r1,1.0844915730027762,1500
r mediate,1991,r1,-0.17330051392039372,1500
r moore,2003,r1,-0.8113035589096094,1500
r munday,1940,r1,-0.3453704120508193,1500
r muntz,1991,r1,2.363524030275991,1500
r myles,1952,r1,0.8301795856720017,1500
r palmer,1954,r1,1.8765795456643803,1500
r pampling,2005,r1,-0.5445895626785298,1500
r rafferty,1990,r1,-0.5900394302590831,1500
r ramsay,2007,r1,-0.051801676409349164,1500
r riegel,1936,r1,1.3125043006917008,1500
r rossi,1953,r1,0.030281520130753817,1500
r s norville,1962,r1,1.1735183805529688,1500
r s stonehouse,1934,r1,-0.6499896980471196,1500
r sabbatini,2001,r1,-0.035507464600760444,1500
r saxton,2009,r1,0.868712403212823,1500
r siderowf,1967,r1,0.9503428004473335,1500
r sigel,1978,r1,0.34684048908410053,1500
r sikes,1963,r1,-0.15769442075152565,1500
r sonnier,1985,r1,0.29376740462180784,1500
r sota,1964,r1,0.3684291956430254,1500
r spears,1971,r1,0.1022506334168116,1500
r sterne,2008,r1,-0.3734328451960851,1500
r streb,2015,r1,1.682171757404443,1500
r streck,1979,r1,1.87851207187875,1500
r sweeny jr,1936,r1,1.069620942556582,1500
r t jones jr,1934,r1,-0.10384450797202562,1500
r travieso,1968,r1,0.5103448607463698,1500
r von tacky jr,1981,r1,0.453603358503061,1500
r w gardner,1962,r1,0.6350207686974932,1500
r waltman,1959,r1,1.8177876884269324,1500
r willits,1947,r1,0.6121474150693827,1500
r wrenn,1988,r1,-2.1141080883719616,1500
r yost,1957,r1,-0.8872461215012489,1500
r zender,1970,r1,0.5208170276650118,1500
r zokol,1993,r1,0.649471151735359,1500
rs stonehouse,1935,r1,1.004141195395363,1500
s adams,1974,r1,1.9170621509137813,1500
s alexander,1948,r1,0.9186341104132454,1500
s ames,2005,r1,-0.5445895626785298,1500
s appleby,1997,r1,-0.9951598359251476,1500
s bae,2012,r1,0.5165847932374295,1500
s ballesteros,1977,r1,-0.11005321438975088,1500
s bishop,1952,r1,2.3867663088070024,1500
s bowditch,2014,r1,-0.14476513623889614,1500
s byrd,1940,r1,-0.3453704120508193,1500
s cink,1997,r1,-0.2678192192999697,1500
s dodd,1990,r1,0.8679068363694602,1500
s dundas,1993,r1,1.548738900292008,1500
s dyson,2010,r1,1.0844491947622381,1500
s elkington,1991,r1,-0.17330051392039372,1500
s flesch,2001,r1,0.2157761310353794,1500
s fontanini,1957,r1,2.252022798842341,1500
s ford,1988,r1,1.7426688927575593,1500
s fox,2013,r1,0.8525420379502314,1500
s gallacher,2014,r1,-1.0605619763588592,1500
s garcia,1999,r1,-0.6729667322167434,1500
s gregory,2017,r1,2.507500413815126,1500
s gump,1988,r1,1.7426688927575593,1500
s h carmichael,1962,r1,0.09652315684201768,1500
s hagestad,2017,r1,-0.32772801761109444,1500
s hansen,2008,r1,0.25904800973061515,1500
s harvey,2015,r1,0.6591582121490761,1500
s higashi,1996,r1,0.7787863599864095,1500
s hoch,1979,r1,-0.2570595466781473,1500
s horne,1938,r1,-0.09584956502958354,1500
s jones,1988,r1,-0.7366877379685614,1500
s katayama,2001,r1,0.46705972667151924,1500
s kaufman,2016,r1,-0.310064599052003,1500
s kendall,2000,r1,0.10529079714642571,1500
s kim,2000,r1,-0.1511867856461531,1500
s kjeldsen,2009,r1,1.1846078225629404,1500
s kovack,1942,r1,0.6271526528112218,1500
s leaney,2004,r1,0.22432790445163758,1500
s leonard,1952,r1,0.20754489641800153,1500
s lowery,1995,r1,0.46700935532795096,1500
s lowry,2015,r1,0.4034048258352344,1500
s lyle,1980,r1,0.4370657530575052,1500
s marino,2010,r1,-0.6037744165432981,1500
s maruyama,1998,r1,-0.40808643579583814,1500
s mayfiefld,1957,r1,0.2543062131691474,1500
s mayfield,1955,r1,-0.06106417422404376,1500
s mccarron,1996,r1,-0.94767978745334025,1500
s melnyk,1970,r1,-0.717066922147477,1500
s micheel,2004,r1,-0.8594380754965334,1500
s miguel,1961,r1,-0.3870882638026468,1500
s noh,2015,r1,-0.8753621057339743,1500
s o'hair,2006,r1,0.2689684698846663,1500
s onsham,1970,r1,0.830288015118134,1500
s oppermann,1966,r1,-0.7680823557843016,1500
s owen,1979,r1,0.45479765950748513,1500
s parks jr,1934,r1,0.7153732771406153,1500
s pate,1988,r1,-0.4612036678878813,1500
s perry,1934,r1,0.16922808706552137,1500
s piercy,2013,r1,0.5631755798138396,1500
s quick,1952,r1,-0.41508979283599867,1500
s randolph,1985,r1,-1.3453695631955274,1500
s richardson,1992,r1,-1.0021145030171992,1500
s riegel,1947,r1,0.3086897221290056,1500
s schmitz,2016,r1,1.9658734888348752,1500
s scott,1962,r1,-0.17272564908572008,1500
s simpson,1981,r1,0.7464811175365338,1500
s snead,1937,r1,0.4329006097082953,1500
s souza,1977,r1,0.20380224886991102,1500
s stallings,2012,r1,-1.0563496733508908,1500
s stricker,1996,r1,1.9297637916129096,1500
s torrance,1985,r1,-0.36188738250512625,1500
s urzetta,1951,r1,-0.7229588544902655,1500
s verplank,1985,r1,1.277249585312209,1500
s w kim,2017,r1,0.026675536317183102,1500
s wilson,2005,r1,1.7784252906220666,1500
t aaron,1959,r1,0.5956274960533388,1500
t adams,1939,r1,0.8739001295465498,1500
t armour,1935,r1,-0.4630970809814231,1500
t armour iii,1990,r1,0.28472832971804285,1500
t b haliburton,1962,r1,1.981264798336182,1500
t barnes,1950,r1,0.49294455316364205,1500
t barnes jr,1966,r1,-0.12226617092076644,1500
t bjorn,1999,r1,0.399312210402464,1500
t bolt,1952,r1,-1.037724482089999,1500
t byrum,1990,r1,0.8679068363694602,1500
t chen,1986,r1,-1.8562865056324735,1500
t clark,1998,r1,1.329571935979992,1500
t creavy,1934,r1,-0.6499896980471196,1500
t culligan iii,1972,r1,0.7662023467047681,1500
t diehl,1975,r1,-0.5571098601596122,1500
t dill,1965,r1,-0.2868254266259204,1500
t dodds,1999,r1,0.9354516817120677,1500
t fleetwood,2017,r1,1.0898861981020158,1500
t gana,2017,r1,2.1530968598868485,1500
t gleichmamnn,1957,r1,-0.3164699541660508,1500
t guan,2013,r1,-0.015557336458943982,1500
t hamilton,2004,r1,0.49526939943868037,1500
t hatton,2017,r1,1.7986933059585708,1500
t herron,1996,r1,0.7787863599864095,1500
t hobby,1990,r1,0.5763175830437516,1500
t hogarth,1997,r1,0.9444151417419934,1500
t holguin,1949,r1,1.6416716991087072,1500
t homer,1973,r1,1.5140917719372244,1500
t horton,1968,r1,1.1210854318035024,1500
t immelman,1999,r1,-0.6729667322167434,1500
t ishii,1964,r1,0.6754535253455459,1500
t izawa,2001,r1,-0.5380746558730402,1500
t j vogel,2013,r1,1.1419084960866233,1500
t jacklin,1967,r1,-1.3131292636886405,1500
t jackson,1995,r1,1.4525996512347947,1500
t jacobs,1952,r1,1.452814274926002,1500
t jaidee,2006,r1,0.7785929391398226,1500
t jenkins,1976,r1,0.4966632996384449,1500
t johnson,1957,r1,-0.031081870498451666,1500
t johnstone,1993,r1,0.3497152355498094,1500
t kerrigan,1934,r1,-0.10384450797202562,1500
t kite,1971,r1,0.3797880669767317,1500
t kono,1969,r1,-0.7446423693545999,1500
t kroll,1951,r1,0.1286245814737282,1500
t kuehne,1995,r1,1.4525996512347947,1500
t lehman,1993,r1,-1.7485761777490383,1500
t lema,1963,r1,-0.6456545151524768,1500
t lenczyk,1955,r1,-0.06106417422404376,1500
t levet,2003,r1,0.7078487426728141,1500
t luther,1936,r1,-1.1163292806594862,1500
t manero,1934,r1,1.2615184672157094,1500
t matteson,2007,r1,0.7770251461402374,1500
t mcknight,1999,r1,-0.4048969965619416,1500
t merritt,2016,r1,-0.025572338066143247,1500
t murakami,1976,r1,0.1883895274490659,1500
t nakajima,1978,r1,1.5765476776550067,1500
t nakamura,1980,r1,1.7118408661419,1500
t nieporte,1965,r1,-0.5835413852044582,1500
t norris,1983,r1,0.6513607439279029,1500
t olesen,2013,r1,1.431274954223015,1500
t penna,1938,r1,-1.19376276445937,1500
t pernice jr,1990,r1,-0.00686092360766578,1500
t petrovic,2004,r1,-0.8594380754965334,1500
t pieters,2017,r1,-1.0365351254676496,1500
t potter jr,2013,r1,0.8525420379502314,1500
t purdy,2005,r1,0.48786148323284634,1500
t purtzer,1977,r1,0.20380224886991102,1500
t scherrer,2001,r1,-0.5380746558730402,1500
t schulz,1990,r1,0.28472832971804285,1500
t shaw,1971,r1,0.6573255005366517,1500
t sieckmann,1989,r1,1.161144224013319,1500
t sills,1986,r1,0.25344133102731276,1500
t simpson,1985,r1,-0.36188738250512625,1500
t tailer,1938,r1,-0.09584956502958354,1500
t taniguchi,2002,r1,1.626110390702854,1500
t toda,1936,r1,0.5838542262863446,1500
t tolles,1997,r1,-0.9951598359251476,1500
t tryba,1996,r1,-0.3721910716400903,1500
t turner,1936,r1,-0.6305625643892488,1500
t veech,1951,r1,1.2640691627590532,1500
t watson,1970,r1,0.5208170276650118,1500
t weiskopf,1968,r1,-0.10039571031076304,1500
t wilcox,1970,r1,1.1397590025712563,1500
t wilkes,1957,r1,-0.6018580378336499,1500
t wiratchant,2013,r1,1.7206414123594067,1500
t woods,1995,r1,-0.27218336660218184,1500
v dubuisson,2014,r1,-0.14476513623889614,1500
v eldred,1936,r1,1.5553876588268194,1500
v ghezzi,1934,r1,0.16922808706552137,1500
v regalado,1975,r1,0.7764444507736346,1500
v singh,1994,r1,-1.499657157647844,1500
v taylor,2006,r1,0.01415623525708808,1500
w armstrong,1978,r1,-0.8828666994868056,1500
w austin,1996,r1,1.6420194337062846,1500
w blackburn,1977,r1,-0.11005321438975088,1500
w bladon,1997,r1,0.7019682695336008,1500
w booe,1956,r1,1.6063448645676532,1500
w burkemo,1952,r1,1.764131619553002,1500
w campbell,1950,r1,1.056309756779233,1500
w cox,1934,r1,0.44230068210306833,1500
w d fondren,1934,r1,0.7153732771406153,1500
w dow,1934,r1,1.2615184672157094,1500
w ellis jr,1957,r1,0.8250823805043456,1500
w emery,1934,r1,0.16922808706552137,1500
w ferrell,1965,r1,1.4934703248453063,1500
w goggin,1935,r1,-1.9303353573582092,1500
w goodloe jr,1951,r1,-0.43909770916893426,1500
w grady,1990,r1,-0.5900394302590831,1500
w hagen,1935,r1,-0.4630970809814231,1500
w hoffer,1984,r1,3.302303488980583,1500
w holt,1940,r1,1.6295646202397909,1500
w hyndman iii,1956,r1,0.8791087349724794,1500
w inman jr,1956,r1,-0.5753635242178683,1500
w j patton,1961,r1,0.8018256893054807,1500
w j schwartz,1934,r1,-0.3769171030095726,1500
w klein,1935,r1,-0.7565447362567803,1500
w kozak,1935,r1,1.004141195395363,1500
w levi,1980,r1,0.4370657530575052,1500
w liang,2008,r1,0.5752884371939653,1500
w lin,2009,r1,1.500503241913058,1500
w macfarlane,1934,r1,-0.6499896980471196,1500
w mccullough jr,1941,r1,1.1669738146583788,1500
w mcgirt,2017,r1,-2.0997457872524823,1500
w moody iii,1980,r1,1.201930820908142,1500
w newcomb jr,1963,r1,1.0622058152508524,1500
w p turnesa,1934,r1,-0.3769171030095726,1500
w patton,1954,r1,-1.7618246813611627,1500
w sander,1977,r1,1.7730795651682205,1500
w schutte,1993,r1,0.049959319364259694,1500
w simpson,2012,r1,-0.4271758867155627,1500
w stahl,1964,r1,1.5965265144531073,1500
w turnesa,1939,r1,0.8739001295465498,1500
w tuten jr,1984,r1,2.2594708082498727,1500
w wehrle,1940,r1,-0.06323683600930359,1500
w wood,1982,r1,0.17026480663505955,1500
wcox,1938,r1,-0.09584956502958354,1500
whagen,1934,r1,-1.4692074831597606,1500
wj schwartz,1935,r1,0.41724588484464853,1500
y hagawa,1982,r1,-0.5809034579313721,1500
y hsieh,1970,r1,-0.09812494724123258,1500
y ikeda,2010,r1,-0.8851450184275541,1500
y kaneko,1997,r1,0.21707452511681552,1500
ye yang,2007,r1,-0.32807728392587804,1500
z johnson,2005,r1,1.5203125291442225,1500
